book.delta.v1.0.2.10.1,book.delta.v1.0.2.10.5,book.delta.v1.0.2.2.1,book.delta.v2.0.2.10.5,book.imbalance.0.2.10.1,book.imbalance.0.2.5.1,trade.indicator.v1.0.2.5.1.power,trade.indicator.v1.0.2.5.5.power,trade.indicator.v1.0.2.5.5.sqrt
0.00000137396182,0.00000771251141,0.00000467260116,0.00000838991006,0.00000001287826,0.00000000364214,0.00008879782167,0.00002457005782,0.00006967412133
